[
  {
    "gift_id": "5834651202612102354",
    "stars": 30000,
    "total_amount": 5000,
    "available_amount": 0,
    "is_limited": true,
    "sold_out": true,
    "sell_percentage": 100.0,
    "first_detected": "2025-08-15 11:26:03",
    "last_updated": "2025-08-15 11:26:03"
  },
  {
    "gift_id": "6014697240977737490",
    "stars": 10000,
    "total_amount": 12000,
    "available_amount": 0,
    "is_limited": true,
    "sold_out": true,
    "sell_percentage": 100.0,
    "first_detected": "2025-08-15 11:26:03",
    "last_updated": "2025-08-15 11:26:03"
  },
  {
    "gift_id": "5870720080265871962",
    "stars": 10000,
    "total_amount": 5000,
    "available_amount": 0,
    "is_limited": true,
    "sold_out": true,
    "sell_percentage": 100.0,
    "first_detected": "2025-08-15 11:26:03",
    "last_updated": "2025-08-15 11:26:03"
  },
  {
    "gift_id": "5895518353849582541",
    "stars": 10000,
    "total_amount": 5000,
    "available_amount": 0,
    "is_limited": true,
    "sold_out": true,
    "sell_percentage": 100.0,
    "first_detected": "2025-08-15 11:26:03",
    "last_updated": "2025-08-15 11:26:03"
  },
  {
    "gift_id": "5868455043362980631",
    "stars": 10000,
    "total_amount": 2000,
    "available_amount": 0,
    "is_limited": true,
    "sold_out": true,
    "sell_percentage": 100.0,
    "first_detected": "2025-08-15 11:26:03",
    "last_updated": "2025-08-15 11:26:03"
  },
  {
    "gift_id": "6014675319464657779",
    "stars": 5000,
    "total_amount": 24000,
    "available_amount": 0,
    "is_limited": true,
    "sold_out": true,
    "sell_percentage": 100.0,
    "first_detected": "2025-08-15 11:26:03",
    "last_updated": "2025-08-15 11:26:03"
  },
  {
    "gift_id": "5895328365971244193",
    "stars": 5000,
    "total_amount": 8000,
    "available_amount": 0,
    "is_limited": true,
    "sold_out": true,
    "sell_percentage": 100.0,
    "first_detected": "2025-08-15 11:26:03",
    "last_updated": "2025-08-15 11:26:03"
  },
  {
    "gift_id": "5870661333703197240",
    "stars": 5000,
    "total_amount": 9000,
    "available_amount": 0,
    "is_limited": true,
    "sold_out": true,
    "sell_percentage": 100.0,
    "first_detected": "2025-08-15 11:26:03",
    "last_updated": "2025-08-15 11:26:03"
  },
  {
    "gift_id": "5832279504491381684",
    "stars": 5000,
    "total_amount": 20000,
    "available_amount": 0,
    "is_limited": true,
    "sold_out": true,
    "sell_percentage": 100.0,
    "first_detected": "2025-08-15 11:26:03",
    "last_updated": "2025-08-15 11:26:03"
  },
  {
    "gift_id": "5999116401002939514",
    "stars": 5000,
    "total_amount": 15000,
    "available_amount": 0,
    "is_limited": true,
    "sold_out": true,
    "sell_percentage": 100.0,
    "first_detected": "2025-08-15 11:26:03",
    "last_updated": "2025-08-15 11:26:03"
  },
  {
    "gift_id": "5902339509239940491",
    "stars": 5000,
    "total_amount": 10000,
    "available_amount": 0,
    "is_limited": true,
    "sold_out": true,
    "sell_percentage": 100.0,
    "first_detected": "2025-08-15 11:26:03",
    "last_updated": "2025-08-15 11:26:03"
  },
  {
    "gift_id": "6005797617768858105",
    "stars": 5000,
    "total_amount": 7000,
    "available_amount": 0,
    "is_limited": true,
    "sold_out": true,
    "sell_percentage": 100.0,
    "first_detected": "2025-08-15 11:26:03",
    "last_updated": "2025-08-15 11:26:03"
  },
  {
    "gift_id": "5933793770951673155",
    "stars": 2500,
    "total_amount": 18000,
    "available_amount": 0,
    "is_limited": true,
    "sold_out": true,
    "sell_percentage": 100.0,
    "first_detected": "2025-08-15 11:26:03",
    "last_updated": "2025-08-15 11:26:03"
  },
  {
    "gift_id": "5868659926187901653",
    "stars": 2500,
    "total_amount": 15000,
    "available_amount": 0,
    "is_limited": true,
    "sold_out": true,
    "sell_percentage": 100.0,
    "first_detected": "2025-08-15 11:26:03",
    "last_updated": "2025-08-15 11:26:03"
  },
  {
    "gift_id": "5832497899283415733",
    "stars": 2500,
    "total_amount": 40000,
    "available_amount": 0,
    "is_limited": true,
    "sold_out": true,
    "sell_percentage": 100.0,
    "first_detected": "2025-08-15 11:26:03",
    "last_updated": "2025-08-15 11:26:03"
  },
  {
    "gift_id": "5936013938331222567",
    "stars": 2000,
    "total_amount": 3000,
    "available_amount": 0,
    "is_limited": true,
    "sold_out": true,
    "sell_percentage": 100.0,
    "first_detected": "2025-08-15 11:26:03",
    "last_updated": "2025-08-15 11:26:03"
  },
  {
    "gift_id": "6012435906336654262",
    "stars": 1000,
    "total_amount": 120000,
    "available_amount": 0,
    "is_limited": true,
    "sold_out": true,
    "sell_percentage": 100.0,
    "first_detected": "2025-08-15 11:26:03",
    "last_updated": "2025-08-15 11:26:03"
  },
  {
    "gift_id": "5897593557492957738",
    "stars": 1000,
    "total_amount": 40000,
    "available_amount": 0,
    "is_limited": true,
    "sold_out": true,
    "sell_percentage": 100.0,
    "first_detected": "2025-08-15 11:26:03",
    "last_updated": "2025-08-15 11:26:03"
  },
  {
    "gift_id": "5868348541058942091",
    "stars": 1000,
    "total_amount": 35000,
    "available_amount": 0,
    "is_limited": true,
    "sold_out": true,
    "sell_percentage": 100.0,
    "first_detected": "2025-08-15 11:26:03",
    "last_updated": "2025-08-15 11:26:03"
  },
  {
    "gift_id": "5868503709637411929",
    "stars": 1000,
    "total_amount": 35000,
    "available_amount": 0,
    "is_limited": true,
    "sold_out": true,
    "sell_percentage": 100.0,
    "first_detected": "2025-08-15 11:26:03",
    "last_updated": "2025-08-15 11:26:03"
  },
  {
    "gift_id": "5933671725160989227",
    "stars": 1000,
    "total_amount": 5000,
    "available_amount": 0,
    "is_limited": true,
    "sold_out": true,
    "sell_percentage": 100.0,
    "first_detected": "2025-08-15 11:26:03",
    "last_updated": "2025-08-15 11:26:03"
  },
  {
    "gift_id": "5933937398953018107",
    "stars": 1000,
    "total_amount": 40000,
    "available_amount": 0,
    "is_limited": true,
    "sold_out": true,
    "sell_percentage": 100.0,
    "first_detected": "2025-08-15 11:26:03",
    "last_updated": "2025-08-15 11:26:03"
  },
  {
    "gift_id": "5915521180483191380",
    "stars": 1000,
    "total_amount": 5000,
    "available_amount": 0,
    "is_limited": true,
    "sold_out": true,
    "sell_percentage": 100.0,
    "first_detected": "2025-08-15 11:26:03",
    "last_updated": "2025-08-15 11:26:03"
  },
  {
    "gift_id": "6012607142387778152",
    "stars": 500,
    "total_amount": 240000,
    "available_amount": 0,
    "is_limited": true,
    "sold_out": true,
    "sell_percentage": 100.0,
    "first_detected": "2025-08-15 11:26:03",
    "last_updated": "2025-08-15 11:26:03"
  },
  {
    "gift_id": "5868220813026526561",
    "stars": 500,
    "total_amount": 60000,
    "available_amount": 0,
    "is_limited": true,
    "sold_out": true,
    "sell_percentage": 100.0,
    "first_detected": "2025-08-15 11:26:03",
    "last_updated": "2025-08-15 11:26:03"
  },
  {
    "gift_id": "5868561433997870501",
    "stars": 500,
    "total_amount": 40000,
    "available_amount": 0,
    "is_limited": true,
    "sold_out": true,
    "sell_percentage": 100.0,
    "first_detected": "2025-08-15 11:26:03",
    "last_updated": "2025-08-15 11:26:03"
  },
  {
    "gift_id": "5933629604416717361",
    "stars": 500,
    "total_amount": 10000,
    "available_amount": 0,
    "is_limited": true,
    "sold_out": true,
    "sell_percentage": 100.0,
    "first_detected": "2025-08-15 11:26:03",
    "last_updated": "2025-08-15 11:26:03"
  },
  {
    "gift_id": "5913517067138499193",
    "stars": 500,
    "total_amount": 10000,
    "available_amount": 0,
    "is_limited": true,
    "sold_out": true,
    "sell_percentage": 100.0,
    "first_detected": "2025-08-15 11:26:03",
    "last_updated": "2025-08-15 11:26:03"
  },
  {
    "gift_id": "5879737836550226478",
    "stars": 500,
    "total_amount": 10000,
    "available_amount": 0,
    "is_limited": true,
    "sold_out": true,
    "sell_percentage": 100.0,
    "first_detected": "2025-08-15 11:26:03",
    "last_updated": "2025-08-15 11:26:03"
  },
  {
    "gift_id": "5859442703032386168",
    "stars": 500,
    "total_amount": 10000,
    "available_amount": 0,
    "is_limited": true,
    "sold_out": true,
    "sell_percentage": 100.0,
    "first_detected": "2025-08-15 11:26:03",
    "last_updated": "2025-08-15 11:26:03"
  },
  {
    "gift_id": "5783075783622787539",
    "stars": 500,
    "total_amount": 500000,
    "available_amount": 0,
    "is_limited": true,
    "sold_out": true,
    "sell_percentage": 100.0,
    "first_detected": "2025-08-15 11:26:03",
    "last_updated": "2025-08-15 11:26:03"
  },
  {
    "gift_id": "5834918435477259676",
    "stars": 500,
    "total_amount": 150000,
    "available_amount": 0,
    "is_limited": true,
    "sold_out": true,
    "sell_percentage": 100.0,
    "first_detected": "2025-08-15 11:26:03",
    "last_updated": "2025-08-15 11:26:03"
  },
  {
    "gift_id": "5872744075014177223",
    "stars": 500,
    "total_amount": 80000,
    "available_amount": 0,
    "is_limited": true,
    "sold_out": true,
    "sell_percentage": 100.0,
    "first_detected": "2025-08-15 11:26:03",
    "last_updated": "2025-08-15 11:26:03"
  },
  {
    "gift_id": "5868595669182186720",
    "stars": 400,
    "total_amount": 50000,
    "available_amount": 0,
    "is_limited": true,
    "sold_out": true,
    "sell_percentage": 100.0,
    "first_detected": "2025-08-15 11:26:03",
    "last_updated": "2025-08-15 11:26:03"
  },
  {
    "gift_id": "5933531623327795414",
    "stars": 350,
    "total_amount": 15000,
    "available_amount": 0,
    "is_limited": true,
    "sold_out": true,
    "sell_percentage": 100.0,
    "first_detected": "2025-08-15 11:26:03",
    "last_updated": "2025-08-15 11:26:03"
  },
  {
    "gift_id": "5782984811920491178",
    "stars": 350,
    "total_amount": 500000,
    "available_amount": 0,
    "is_limited": true,
    "sold_out": true,
    "sell_percentage": 100.0,
    "first_detected": "2025-08-15 11:26:03",
    "last_updated": "2025-08-15 11:26:03"
  },
  {
    "gift_id": "6005659564635063386",
    "stars": 300,
    "total_amount": 100000,
    "available_amount": 0,
    "is_limited": true,
    "sold_out": true,
    "sell_percentage": 100.0,
    "first_detected": "2025-08-15 11:26:03",
    "last_updated": "2025-08-15 11:26:03"
  },
  {
    "gift_id": "5895544372761461960",
    "stars": 300,
    "total_amount": 100000,
    "available_amount": 0,
    "is_limited": true,
    "sold_out": true,
    "sell_percentage": 100.0,
    "first_detected": "2025-08-15 11:26:03",
    "last_updated": "2025-08-15 11:26:03"
  },
  {
    "gift_id": "5870862540036113469",
    "stars": 300,
    "total_amount": 150000,
    "available_amount": 0,
    "is_limited": true,
    "sold_out": true,
    "sell_percentage": 100.0,
    "first_detected": "2025-08-15 11:26:03",
    "last_updated": "2025-08-15 11:26:03"
  },
  {
    "gift_id": "5832644211639321671",
    "stars": 300,
    "total_amount": 250000,
    "available_amount": 0,
    "is_limited": true,
    "sold_out": true,
    "sell_percentage": 100.0,
    "first_detected": "2025-08-15 11:26:03",
    "last_updated": "2025-08-15 11:26:03"
  },
  {
    "gift_id": "5830340739074097859",
    "stars": 300,
    "total_amount": 150000,
    "available_amount": 0,
    "is_limited": true,
    "sold_out": true,
    "sell_percentage": 100.0,
    "first_detected": "2025-08-15 11:26:03",
    "last_updated": "2025-08-15 11:26:03"
  },
  {
    "gift_id": "5870947077877400011",
    "stars": 300,
    "total_amount": 70000,
    "available_amount": 0,
    "is_limited": true,
    "sold_out": true,
    "sell_percentage": 100.0,
    "first_detected": "2025-08-15 11:26:03",
    "last_updated": "2025-08-15 11:26:03"
  },
  {
    "gift_id": "5871002671934079382",
    "stars": 250,
    "total_amount": 180000,
    "available_amount": 0,
    "is_limited": true,
    "sold_out": true,
    "sell_percentage": 100.0,
    "first_detected": "2025-08-15 11:26:03",
    "last_updated": "2025-08-15 11:26:03"
  },
  {
    "gift_id": "5999298447486747746",
    "stars": 250,
    "total_amount": 300000,
    "available_amount": 0,
    "is_limited": true,
    "sold_out": true,
    "sell_percentage": 100.0,
    "first_detected": "2025-08-15 11:26:03",
    "last_updated": "2025-08-15 11:26:03"
  },
  {
    "gift_id": "5963238670868677492",
    "stars": 250,
    "total_amount": 120000,
    "available_amount": 0,
    "is_limited": true,
    "sold_out": true,
    "sell_percentage": 100.0,
    "first_detected": "2025-08-15 11:26:03",
    "last_updated": "2025-08-15 11:26:03"
  },
  {
    "gift_id": "6014591077976114307",
    "stars": 200,
    "total_amount": 600000,
    "available_amount": 0,
    "is_limited": true,
    "sold_out": true,
    "sell_percentage": 100.0,
    "first_detected": "2025-08-15 11:26:03",
    "last_updated": "2025-08-15 11:26:03"
  },
  {
    "gift_id": "5773668482394620318",
    "stars": 200,
    "total_amount": 180000,
    "available_amount": 0,
    "is_limited": true,
    "sold_out": true,
    "sell_percentage": 100.0,
    "first_detected": "2025-08-15 11:26:03",
    "last_updated": "2025-08-15 11:26:03"
  },
  {
    "gift_id": "5897581235231785485",
    "stars": 200,
    "total_amount": 150000,
    "available_amount": 0,
    "is_limited": true,
    "sold_out": true,
    "sell_percentage": 100.0,
    "first_detected": "2025-08-15 11:26:03",
    "last_updated": "2025-08-15 11:26:03"
  },
  {
    "gift_id": "5870784783948186838",
    "stars": 200,
    "total_amount": 150000,
    "available_amount": 0,
    "is_limited": true,
    "sold_out": true,
    "sell_percentage": 100.0,
    "first_detected": "2025-08-15 11:26:03",
    "last_updated": "2025-08-15 11:26:03"
  },
  {
    "gift_id": "5981026247860290310",
    "stars": 200,
    "total_amount": 50000,
    "available_amount": 0,
    "is_limited": true,
    "sold_out": true,
    "sell_percentage": 100.0,
    "first_detected": "2025-08-15 11:26:03",
    "last_updated": "2025-08-15 11:26:03"
  },
  {
    "gift_id": "6042113507581755979",
    "stars": 200,
    "total_amount": 180000,
    "available_amount": 0,
    "is_limited": true,
    "sold_out": true,
    "sell_percentage": 100.0,
    "first_detected": "2025-08-15 11:26:03",
    "last_updated": "2025-08-15 11:26:03"
  },
  {
    "gift_id": "6005880141270483700",
    "stars": 200,
    "total_amount": 150000,
    "available_amount": 0,
    "is_limited": true,
    "sold_out": true,
    "sell_percentage": 100.0,
    "first_detected": "2025-08-15 11:26:03",
    "last_updated": "2025-08-15 11:26:03"
  },
  {
    "gift_id": "5933770397739647689",
    "stars": 200,
    "total_amount": 150000,
    "available_amount": 0,
    "is_limited": true,
    "sold_out": true,
    "sell_percentage": 100.0,
    "first_detected": "2025-08-15 11:26:03",
    "last_updated": "2025-08-15 11:26:03"
  },
  {
    "gift_id": "5870972044522291836",
    "stars": 200,
    "total_amount": 200000,
    "available_amount": 0,
    "is_limited": true,
    "sold_out": true,
    "sell_percentage": 100.0,
    "first_detected": "2025-08-15 11:26:03",
    "last_updated": "2025-08-15 11:26:03"
  },
  {
    "gift_id": "5936085638515261992",
    "stars": 150,
    "total_amount": 30000,
    "available_amount": 0,
    "is_limited": true,
    "sold_out": true,
    "sell_percentage": 100.0,
    "first_detected": "2025-08-15 11:26:03",
    "last_updated": "2025-08-15 11:26:03"
  },
  {
    "gift_id": "5782988952268964995",
    "stars": 150,
    "total_amount": 500000,
    "available_amount": 0,
    "is_limited": true,
    "sold_out": true,
    "sell_percentage": 100.0,
    "first_detected": "2025-08-15 11:26:03",
    "last_updated": "2025-08-15 11:26:03"
  },
  {
    "gift_id": "5832371318007268701",
    "stars": 150,
    "total_amount": 500000,
    "available_amount": 0,
    "is_limited": true,
    "sold_out": true,
    "sell_percentage": 100.0,
    "first_detected": "2025-08-15 11:26:03",
    "last_updated": "2025-08-15 11:26:03"
  },
  {
    "gift_id": "5999277561060787166",
    "stars": 150,
    "total_amount": 500000,
    "available_amount": 0,
    "is_limited": true,
    "sold_out": true,
    "sell_percentage": 100.0,
    "first_detected": "2025-08-15 11:26:03",
    "last_updated": "2025-08-15 11:26:03"
  },
  {
    "gift_id": "5897607679345427347",
    "stars": 150,
    "total_amount": 250000,
    "available_amount": 0,
    "is_limited": true,
    "sold_out": true,
    "sell_percentage": 100.0,
    "first_detected": "2025-08-15 11:26:03",
    "last_updated": "2025-08-15 11:26:03"
  },
  {
    "gift_id": "5832325860073407546",
    "stars": 150,
    "total_amount": 250000,
    "available_amount": 0,
    "is_limited": true,
    "sold_out": true,
    "sell_percentage": 100.0,
    "first_detected": "2025-08-15 11:26:03",
    "last_updated": "2025-08-15 11:26:03"
  },
  {
    "gift_id": "5773725897517433693",
    "stars": 150,
    "total_amount": 250000,
    "available_amount": 0,
    "is_limited": true,
    "sold_out": true,
    "sell_percentage": 100.0,
    "first_detected": "2025-08-15 11:26:03",
    "last_updated": "2025-08-15 11:26:03"
  },
  {
    "gift_id": "5933737850477478635",
    "stars": 150,
    "total_amount": 200000,
    "available_amount": 0,
    "is_limited": true,
    "sold_out": true,
    "sell_percentage": 100.0,
    "first_detected": "2025-08-15 11:26:03",
    "last_updated": "2025-08-15 11:26:03"
  },
  {
    "gift_id": "5168043875654172773",
    "stars": 100,
    "total_amount": null,
    "available_amount": null,
    "is_limited": false,
    "sold_out": false,
    "sell_percentage": 0.0,
    "first_detected": "2025-08-15 11:26:03",
    "last_updated": "2025-08-15 11:26:03"
  },
  {
    "gift_id": "5170690322832818290",
    "stars": 100,
    "total_amount": null,
    "available_amount": null,
    "is_limited": false,
    "sold_out": false,
    "sell_percentage": 0.0,
    "first_detected": "2025-08-15 11:26:03",
    "last_updated": "2025-08-15 11:26:03"
  },
  {
    "gift_id": "5170521118301225164",
    "stars": 100,
    "total_amount": null,
    "available_amount": null,
    "is_limited": false,
    "sold_out": false,
    "sell_percentage": 0.0,
    "first_detected": "2025-08-15 11:26:03",
    "last_updated": "2025-08-15 11:26:03"
  },
  {
    "gift_id": "5980789805615678057",
    "stars": 100,
    "total_amount": 90000,
    "available_amount": 0,
    "is_limited": true,
    "sold_out": true,
    "sell_percentage": 100.0,
    "first_detected": "2025-08-15 11:26:03",
    "last_updated": "2025-08-15 11:26:03"
  },
  {
    "gift_id": "5936043693864651359",
    "stars": 100,
    "total_amount": 50000,
    "available_amount": 0,
    "is_limited": true,
    "sold_out": true,
    "sell_percentage": 100.0,
    "first_detected": "2025-08-15 11:26:03",
    "last_updated": "2025-08-15 11:26:03"
  },
  {
    "gift_id": "5915550639663874519",
    "stars": 100,
    "total_amount": 50000,
    "available_amount": 0,
    "is_limited": true,
    "sold_out": true,
    "sell_percentage": 100.0,
    "first_detected": "2025-08-15 11:26:03",
    "last_updated": "2025-08-15 11:26:03"
  },
  {
    "gift_id": "5882125812596999035",
    "stars": 100,
    "total_amount": 50000,
    "available_amount": 0,
    "is_limited": true,
    "sold_out": true,
    "sell_percentage": 100.0,
    "first_detected": "2025-08-15 11:26:03",
    "last_updated": "2025-08-15 11:26:03"
  },
  {
    "gift_id": "5857140566201991735",
    "stars": 100,
    "total_amount": 50000,
    "available_amount": 0,
    "is_limited": true,
    "sold_out": true,
    "sell_percentage": 100.0,
    "first_detected": "2025-08-15 11:26:03",
    "last_updated": "2025-08-15 11:26:03"
  },
  {
    "gift_id": "5843762284240831056",
    "stars": 100,
    "total_amount": 5000,
    "available_amount": 0,
    "is_limited": true,
    "sold_out": true,
    "sell_percentage": 100.0,
    "first_detected": "2025-08-15 11:26:03",
    "last_updated": "2025-08-15 11:26:03"
  },
  {
    "gift_id": "5900177027566142759",
    "stars": 100,
    "total_amount": 350000,
    "available_amount": 0,
    "is_limited": true,
    "sold_out": true,
    "sell_percentage": 100.0,
    "first_detected": "2025-08-15 11:26:03",
    "last_updated": "2025-08-15 11:26:03"
  },
  {
    "gift_id": "5830323722413671504",
    "stars": 100,
    "total_amount": 500000,
    "available_amount": 0,
    "is_limited": true,
    "sold_out": true,
    "sell_percentage": 100.0,
    "first_detected": "2025-08-15 11:26:03",
    "last_updated": "2025-08-15 11:26:03"
  },
  {
    "gift_id": "5807641025165919973",
    "stars": 100,
    "total_amount": 500000,
    "available_amount": 0,
    "is_limited": true,
    "sold_out": true,
    "sell_percentage": 100.0,
    "first_detected": "2025-08-15 11:26:03",
    "last_updated": "2025-08-15 11:26:03"
  },
  {
    "gift_id": "6006064678835323371",
    "stars": 100,
    "total_amount": 300000,
    "available_amount": 0,
    "is_limited": true,
    "sold_out": true,
    "sell_percentage": 100.0,
    "first_detected": "2025-08-15 11:26:03",
    "last_updated": "2025-08-15 11:26:03"
  },
  {
    "gift_id": "6003456431095808759",
    "stars": 100,
    "total_amount": 200000,
    "available_amount": 0,
    "is_limited": true,
    "sold_out": true,
    "sell_percentage": 100.0,
    "first_detected": "2025-08-15 11:26:03",
    "last_updated": "2025-08-15 11:26:03"
  },
  {
    "gift_id": "5998981470310368313",
    "stars": 100,
    "total_amount": 120000,
    "available_amount": 0,
    "is_limited": true,
    "sold_out": true,
    "sell_percentage": 100.0,
    "first_detected": "2025-08-15 11:26:03",
    "last_updated": "2025-08-15 11:26:03"
  },
  {
    "gift_id": "5960747083030856414",
    "stars": 100,
    "total_amount": 300000,
    "available_amount": 0,
    "is_limited": true,
    "sold_out": true,
    "sell_percentage": 100.0,
    "first_detected": "2025-08-15 11:26:03",
    "last_updated": "2025-08-15 11:26:03"
  },
  {
    "gift_id": "5935877878062253519",
    "stars": 100,
    "total_amount": 250000,
    "available_amount": 0,
    "is_limited": true,
    "sold_out": true,
    "sell_percentage": 100.0,
    "first_detected": "2025-08-15 11:26:03",
    "last_updated": "2025-08-15 11:26:03"
  },
  {
    "gift_id": "5913351908466098791",
    "stars": 100,
    "total_amount": 300000,
    "available_amount": 0,
    "is_limited": true,
    "sold_out": true,
    "sell_percentage": 100.0,
    "first_detected": "2025-08-15 11:26:03",
    "last_updated": "2025-08-15 11:26:03"
  },
  {
    "gift_id": "5895603153683874485",
    "stars": 100,
    "total_amount": 250000,
    "available_amount": 0,
    "is_limited": true,
    "sold_out": true,
    "sell_percentage": 100.0,
    "first_detected": "2025-08-15 11:26:03",
    "last_updated": "2025-08-15 11:26:03"
  },
  {
    "gift_id": "5981132629905245483",
    "stars": 75,
    "total_amount": 120000,
    "available_amount": 0,
    "is_limited": true,
    "sold_out": true,
    "sell_percentage": 100.0,
    "first_detected": "2025-08-15 11:26:03",
    "last_updated": "2025-08-15 11:26:03"
  },
  {
    "gift_id": "5898012527257715797",
    "stars": 75,
    "total_amount": 500000,
    "available_amount": 0,
    "is_limited": true,
    "sold_out": true,
    "sell_percentage": 100.0,
    "first_detected": "2025-08-15 11:26:03",
    "last_updated": "2025-08-15 11:26:03"
  },
  {
    "gift_id": "5773791997064119815",
    "stars": 75,
    "total_amount": 500000,
    "available_amount": 0,
    "is_limited": true,
    "sold_out": true,
    "sell_percentage": 100.0,
    "first_detected": "2025-08-15 11:26:03",
    "last_updated": "2025-08-15 11:26:03"
  },
  {
    "gift_id": "5170144170496491616",
    "stars": 50,
    "total_amount": null,
    "available_amount": null,
    "is_limited": false,
    "sold_out": false,
    "sell_percentage": 0.0,
    "first_detected": "2025-08-15 11:26:03",
    "last_updated": "2025-08-15 11:26:03"
  },
  {
    "gift_id": "5170314324215857265",
    "stars": 50,
    "total_amount": null,
    "available_amount": null,
    "is_limited": false,
    "sold_out": false,
    "sell_percentage": 0.0,
    "first_detected": "2025-08-15 11:26:03",
    "last_updated": "2025-08-15 11:26:03"
  },
  {
    "gift_id": "5170564780938756245",
    "stars": 50,
    "total_amount": null,
    "available_amount": null,
    "is_limited": false,
    "sold_out": false,
    "sell_percentage": 0.0,
    "first_detected": "2025-08-15 11:26:03",
    "last_updated": "2025-08-15 11:26:03"
  },
  {
    "gift_id": "6028601630662853006",
    "stars": 50,
    "total_amount": null,
    "available_amount": null,
    "is_limited": false,
    "sold_out": false,
    "sell_percentage": 0.0,
    "first_detected": "2025-08-15 11:26:03",
    "last_updated": "2025-08-15 11:26:03"
  },
  {
    "gift_id": "5933543975653737112",
    "stars": 50,
    "total_amount": 400000,
    "available_amount": 0,
    "is_limited": true,
    "sold_out": true,
    "sell_percentage": 100.0,
    "first_detected": "2025-08-15 11:26:03",
    "last_updated": "2025-08-15 11:26:03"
  },
  {
    "gift_id": "6028283532500009446",
    "stars": 50,
    "total_amount": 200000,
    "available_amount": 0,
    "is_limited": true,
    "sold_out": true,
    "sell_percentage": 100.0,
    "first_detected": "2025-08-15 11:26:03",
    "last_updated": "2025-08-15 11:26:03"
  },
  {
    "gift_id": "6023752243218481939",
    "stars": 50,
    "total_amount": 200000,
    "available_amount": 0,
    "is_limited": true,
    "sold_out": true,
    "sell_percentage": 100.0,
    "first_detected": "2025-08-15 11:26:03",
    "last_updated": "2025-08-15 11:26:03"
  },
  {
    "gift_id": "5983471780763796287",
    "stars": 50,
    "total_amount": 150000,
    "available_amount": 0,
    "is_limited": true,
    "sold_out": true,
    "sell_percentage": 100.0,
    "first_detected": "2025-08-15 11:26:03",
    "last_updated": "2025-08-15 11:26:03"
  },
  {
    "gift_id": "5935936766358847989",
    "stars": 50,
    "total_amount": 100000,
    "available_amount": 0,
    "is_limited": true,
    "sold_out": true,
    "sell_percentage": 100.0,
    "first_detected": "2025-08-15 11:26:03",
    "last_updated": "2025-08-15 11:26:03"
  },
  {
    "gift_id": "5915733223018594841",
    "stars": 50,
    "total_amount": 100000,
    "available_amount": 0,
    "is_limited": true,
    "sold_out": true,
    "sell_percentage": 100.0,
    "first_detected": "2025-08-15 11:26:03",
    "last_updated": "2025-08-15 11:26:03"
  },
  {
    "gift_id": "5882252952218894938",
    "stars": 50,
    "total_amount": 100000,
    "available_amount": 0,
    "is_limited": true,
    "sold_out": true,
    "sell_percentage": 100.0,
    "first_detected": "2025-08-15 11:26:03",
    "last_updated": "2025-08-15 11:26:03"
  },
  {
    "gift_id": "5856973938650776169",
    "stars": 50,
    "total_amount": 100000,
    "available_amount": 0,
    "is_limited": true,
    "sold_out": true,
    "sell_percentage": 100.0,
    "first_detected": "2025-08-15 11:26:03",
    "last_updated": "2025-08-15 11:26:03"
  },
  {
    "gift_id": "5846226946928673709",
    "stars": 50,
    "total_amount": 5000,
    "available_amount": 0,
    "is_limited": true,
    "sold_out": true,
    "sell_percentage": 100.0,
    "first_detected": "2025-08-15 11:26:03",
    "last_updated": "2025-08-15 11:26:03"
  },
  {
    "gift_id": "5841689550203650524",
    "stars": 50,
    "total_amount": 10000,
    "available_amount": 0,
    "is_limited": true,
    "sold_out": true,
    "sell_percentage": 100.0,
    "first_detected": "2025-08-15 11:26:03",
    "last_updated": "2025-08-15 11:26:03"
  },
  {
    "gift_id": "6005564615793050414",
    "stars": 50,
    "total_amount": 500000,
    "available_amount": 0,
    "is_limited": true,
    "sold_out": true,
    "sell_percentage": 100.0,
    "first_detected": "2025-08-15 11:26:03",
    "last_updated": "2025-08-15 11:26:03"
  },
  {
    "gift_id": "5170250947678437525",
    "stars": 25,
    "total_amount": null,
    "available_amount": null,
    "is_limited": false,
    "sold_out": false,
    "sell_percentage": 0.0,
    "first_detected": "2025-08-15 11:26:03",
    "last_updated": "2025-08-15 11:26:03"
  },
  {
    "gift_id": "5168103777563050263",
    "stars": 25,
    "total_amount": null,
    "available_amount": null,
    "is_limited": false,
    "sold_out": false,
    "sell_percentage": 0.0,
    "first_detected": "2025-08-15 11:26:03",
    "last_updated": "2025-08-15 11:26:03"
  },
  {
    "gift_id": "6028426950047957932",
    "stars": 25,
    "total_amount": 400000,
    "available_amount": 0,
    "is_limited": true,
    "sold_out": true,
    "sell_percentage": 100.0,
    "first_detected": "2025-08-15 11:26:03",
    "last_updated": "2025-08-15 11:26:03"
  },
  {
    "gift_id": "6023917088358269866",
    "stars": 25,
    "total_amount": 400000,
    "available_amount": 0,
    "is_limited": true,
    "sold_out": true,
    "sell_percentage": 100.0,
    "first_detected": "2025-08-15 11:26:03",
    "last_updated": "2025-08-15 11:26:03"
  },
  {
    "gift_id": "6023679164349940429",
    "stars": 25,
    "total_amount": 400000,
    "available_amount": 0,
    "is_limited": true,
    "sold_out": true,
    "sell_percentage": 100.0,
    "first_detected": "2025-08-15 11:26:03",
    "last_updated": "2025-08-15 11:26:03"
  },
  {
    "gift_id": "6003735372041814769",
    "stars": 25,
    "total_amount": 200000,
    "available_amount": 0,
    "is_limited": true,
    "sold_out": true,
    "sell_percentage": 100.0,
    "first_detected": "2025-08-15 11:26:03",
    "last_updated": "2025-08-15 11:26:03"
  },
  {
    "gift_id": "6001473264306619020",
    "stars": 25,
    "total_amount": 200000,
    "available_amount": 0,
    "is_limited": true,
    "sold_out": true,
    "sell_percentage": 100.0,
    "first_detected": "2025-08-15 11:26:03",
    "last_updated": "2025-08-15 11:26:03"
  },
  {
    "gift_id": "5983259145522906006",
    "stars": 25,
    "total_amount": 200000,
    "available_amount": 0,
    "is_limited": true,
    "sold_out": true,
    "sell_percentage": 100.0,
    "first_detected": "2025-08-15 11:26:03",
    "last_updated": "2025-08-15 11:26:03"
  },
  {
    "gift_id": "5936017773737018241",
    "stars": 25,
    "total_amount": 200000,
    "available_amount": 0,
    "is_limited": true,
    "sold_out": true,
    "sell_percentage": 100.0,
    "first_detected": "2025-08-15 11:26:03",
    "last_updated": "2025-08-15 11:26:03"
  },
  {
    "gift_id": "5915502858152706668",
    "stars": 25,
    "total_amount": 200000,
    "available_amount": 0,
    "is_limited": true,
    "sold_out": true,
    "sell_percentage": 100.0,
    "first_detected": "2025-08-15 11:26:03",
    "last_updated": "2025-08-15 11:26:03"
  },
  {
    "gift_id": "5846192273657692751",
    "stars": 25,
    "total_amount": 10000,
    "available_amount": 0,
    "is_limited": true,
    "sold_out": true,
    "sell_percentage": 100.0,
    "first_detected": "2025-08-15 11:26:03",
    "last_updated": "2025-08-15 11:26:03"
  },
  {
    "gift_id": "5825895989088617224",
    "stars": 25,
    "total_amount": 300000,
    "available_amount": 0,
    "is_limited": true,
    "sold_out": true,
    "sell_percentage": 100.0,
    "first_detected": "2025-08-15 11:26:03",
    "last_updated": "2025-08-15 11:26:03"
  },
  {
    "gift_id": "5841632504448025405",
    "stars": 25,
    "total_amount": 30000,
    "available_amount": 0,
    "is_limited": true,
    "sold_out": true,
    "sell_percentage": 100.0,
    "first_detected": "2025-08-15 11:26:03",
    "last_updated": "2025-08-15 11:26:03"
  },
  {
    "gift_id": "5841391256135008713",
    "stars": 25,
    "total_amount": 30000,
    "available_amount": 0,
    "is_limited": true,
    "sold_out": true,
    "sell_percentage": 100.0,
    "first_detected": "2025-08-15 11:26:03",
    "last_updated": "2025-08-15 11:26:03"
  },
  {
    "gift_id": "5839038009193792264",
    "stars": 25,
    "total_amount": 30000,
    "available_amount": 0,
    "is_limited": true,
    "sold_out": true,
    "sell_percentage": 100.0,
    "first_detected": "2025-08-15 11:26:03",
    "last_updated": "2025-08-15 11:26:03"
  },
  {
    "gift_id": "5837059369300132790",
    "stars": 25,
    "total_amount": 20000,
    "available_amount": 0,
    "is_limited": true,
    "sold_out": true,
    "sell_percentage": 100.0,
    "first_detected": "2025-08-15 11:26:03",
    "last_updated": "2025-08-15 11:26:03"
  },
  {
    "gift_id": "5821205665758053411",
    "stars": 25,
    "total_amount": 50000,
    "available_amount": 0,
    "is_limited": true,
    "sold_out": true,
    "sell_percentage": 100.0,
    "first_detected": "2025-08-15 11:26:03",
    "last_updated": "2025-08-15 11:26:03"
  },
  {
    "gift_id": "5167939598143193218",
    "stars": 25,
    "total_amount": 100000,
    "available_amount": 0,
    "is_limited": true,
    "sold_out": true,
    "sell_percentage": 100.0,
    "first_detected": "2025-08-15 11:26:03",
    "last_updated": "2025-08-15 11:26:03"
  },
  {
    "gift_id": "5170145012310081615",
    "stars": 15,
    "total_amount": null,
    "available_amount": null,
    "is_limited": false,
    "sold_out": false,
    "sell_percentage": 0.0,
    "first_detected": "2025-08-15 11:26:03",
    "last_updated": "2025-08-15 11:26:03"
  },
  {
    "gift_id": "5170233102089322756",
    "stars": 15,
    "total_amount": null,
    "available_amount": null,
    "is_limited": false,
    "sold_out": false,
    "sell_percentage": 0.0,
    "first_detected": "2025-08-15 11:26:03",
    "last_updated": "2025-08-15 11:26:03"
  },
  {
    "gift_id": "6001538689543439169",
    "stars": 15,
    "total_amount": 400000,
    "available_amount": 0,
    "is_limited": true,
    "sold_out": true,
    "sell_percentage": 100.0,
    "first_detected": "2025-08-15 11:26:03",
    "last_updated": "2025-08-15 11:26:03"
  },
  {
    "gift_id": "6003643167683903930",
    "stars": 15,
    "total_amount": 400000,
    "available_amount": 0,
    "is_limited": true,
    "sold_out": true,
    "sell_percentage": 100.0,
    "first_detected": "2025-08-15 11:26:03",
    "last_updated": "2025-08-15 11:26:03"
  },
  {
    "gift_id": "5983484377902875708",
    "stars": 15,
    "total_amount": 300000,
    "available_amount": 0,
    "is_limited": true,
    "sold_out": true,
    "sell_percentage": 100.0,
    "first_detected": "2025-08-15 11:26:03",
    "last_updated": "2025-08-15 11:26:03"
  },
  {
    "gift_id": "5933590374185435592",
    "stars": 15,
    "total_amount": 400000,
    "available_amount": 0,
    "is_limited": true,
    "sold_out": true,
    "sell_percentage": 100.0,
    "first_detected": "2025-08-15 11:26:03",
    "last_updated": "2025-08-15 11:26:03"
  },
  {
    "gift_id": "5913442287462908725",
    "stars": 15,
    "total_amount": 400000,
    "available_amount": 0,
    "is_limited": true,
    "sold_out": true,
    "sell_percentage": 100.0,
    "first_detected": "2025-08-15 11:26:03",
    "last_updated": "2025-08-15 11:26:03"
  },
  {
    "gift_id": "5845776576658015084",
    "stars": 15,
    "total_amount": 15000,
    "available_amount": 0,
    "is_limited": true,
    "sold_out": true,
    "sell_percentage": 100.0,
    "first_detected": "2025-08-15 11:26:03",
    "last_updated": "2025-08-15 11:26:03"
  },
  {
    "gift_id": "5825801628657124140",
    "stars": 15,
    "total_amount": 120000,
    "available_amount": 0,
    "is_limited": true,
    "sold_out": true,
    "sell_percentage": 100.0,
    "first_detected": "2025-08-15 11:26:03",
    "last_updated": "2025-08-15 11:26:03"
  },
  {
    "gift_id": "5825480571261813595",
    "stars": 15,
    "total_amount": 120000,
    "available_amount": 0,
    "is_limited": true,
    "sold_out": true,
    "sell_percentage": 100.0,
    "first_detected": "2025-08-15 11:26:03",
    "last_updated": "2025-08-15 11:26:03"
  },
  {
    "gift_id": "5841336413697606412",
    "stars": 15,
    "total_amount": 30000,
    "available_amount": 0,
    "is_limited": true,
    "sold_out": true,
    "sell_percentage": 100.0,
    "first_detected": "2025-08-15 11:26:03",
    "last_updated": "2025-08-15 11:26:03"
  },
  {
    "gift_id": "5837063436634161765",
    "stars": 15,
    "total_amount": 30000,
    "available_amount": 0,
    "is_limited": true,
    "sold_out": true,
    "sell_percentage": 100.0,
    "first_detected": "2025-08-15 11:26:03",
    "last_updated": "2025-08-15 11:26:03"
  },
  {
    "gift_id": "5836780359634649414",
    "stars": 15,
    "total_amount": 30000,
    "available_amount": 0,
    "is_limited": true,
    "sold_out": true,
    "sell_percentage": 100.0,
    "first_detected": "2025-08-15 11:26:03",
    "last_updated": "2025-08-15 11:26:03"
  },
  {
    "gift_id": "5821384757304362229",
    "stars": 15,
    "total_amount": 100000,
    "available_amount": 0,
    "is_limited": true,
    "sold_out": true,
    "sell_percentage": 100.0,
    "first_detected": "2025-08-15 11:26:03",
    "last_updated": "2025-08-15 11:26:03"
  },
  {
    "gift_id": "5821261908354794038",
    "stars": 15,
    "total_amount": 100000,
    "available_amount": 0,
    "is_limited": true,
    "sold_out": true,
    "sell_percentage": 100.0,
    "first_detected": "2025-08-15 11:26:03",
    "last_updated": "2025-08-15 11:26:03"
  },
  {
    "gift_id": "5170594532177215681",
    "stars": 15,
    "total_amount": 500000,
    "available_amount": 0,
    "is_limited": true,
    "sold_out": true,
    "sell_percentage": 100.0,
    "first_detected": "2025-08-15 11:26:03",
    "last_updated": "2025-08-15 11:26:03"
  },
  {
    "gift_id": "6003373314888696650",
    "stars": 10,
    "total_amount": 600000,
    "available_amount": 0,
    "is_limited": true,
    "sold_out": true,
    "sell_percentage": 100.0,
    "first_detected": "2025-08-15 11:26:03",
    "last_updated": "2025-08-15 11:26:03"
  },
  {
    "gift_id": "6003767644426076664",
    "stars": 10,
    "total_amount": 600000,
    "available_amount": 0,
    "is_limited": true,
    "sold_out": true,
    "sell_percentage": 100.0,
    "first_detected": "2025-08-15 11:26:03",
    "last_updated": "2025-08-15 11:26:03"
  }
]